subject_id,name,number
1,Introduction to Black Politics,10000
1,Introduction to Africana Studies,10000
1,Latino Communities in the United States,10000
1,Conquest and Resistance: Puerto Rican Experiences in Comparative Perspective,10000
1,Introduction to Puerto Rican and Latino Studies,10000
1,Puerto Rican Folklore,10000
1,The Image of the Puerto Rican National Identity in Its Literature,10000
1,African History from Human Origins to 1600 CE,10000
1,African History Since 1600 CE,10000
1,African American History I,10000
1,African American History II,10000
1,African American Politics of Social Change,10000
1,African Political and Social Change,10000
1,African Caribbean Politics I,10000
1,African Caribbean Politics II,10000
1,Introduction to Caribbean History to 1900,10000
1,Introduction to Caribbean History: 1900 - Present,10000
1,Black Economic History,10000
1,African Spirituality in the Diaspora,10000
1,African Civilization,10000
1,African Literature,10000
1,African American Literature,10000
1,African Caribbean Literature,10000
1,Introduction to the Literature of the African Diaspora,10000
1,Puerto Rican History to 1897,24100
1,Puerto Rican History Since 1898,24200
1,Puerto Rican Culture,24300
1,Puerto Ricans in the United States,24400
1,Puerto Rican Literature I,24500
1,Puerto Rican Literature II,24600
1,Puerto Ricans in the U.S. as a Literary Theme,24700
1,Puerto Rican/Latino Children in North American Schools,25500
1,Latinos and US Citizenship,26000
1,Economic History of Puerto Ricans,27000
1,Fieldwork in African American/Latino Communities,28100
1,Selected Topics in Africana and Puerto Rican/Latino Studies,29000
1,Leaders and Movements of Black Urban Communities,30400
1,Modern African International Relations,30600
1,Contemporary African Politics,30700
1,Contemporary International Relations of the African-Caribbean,30800
1,African-Americans and Africa,30900
1,Modern Nigeria,31000
1,Slavery,31300
1,Women in Africa,31800
1,Women in the African Diaspora,31900
1,African-Caribbean Culture,32000
1,Caribbean Migration and New York City,32100
1,African-American Women Writers,33600
1,Caribbean Women Writers,33700
1,Political Nationalism in Puerto Rico,34200
1,Major Puerto Rican Figures,35100
1,Power Structure in Puerto Rico,35200
1,The African Image in 19th and 20th century Spanish Antillean Poetry,35500
1,Latino Literature in English,35600
1,Politics in Puerto Rico,36000
1,Puerto Rican and Caribbean Religious Practices,36200
1,Poverty in Society,38400
1,Puerto Rican/Latino Politics in the United States,38700
1,Research Topics in Africana and Puerto Rican/Latino Studies,39000
1,Selected Topics in Africana and Puerto Rican/Latino Studies: Social Science,42800
1,Afro-Latino Culture and History,42863
1,Caribbean Short Story in Spanish: Readings and Theories,44500
1,Honors,49900
1,Language and Ethnic Identity,18100
1,Culture and Ethnic Identity,18200
1,Caribbean Spanish,24800
1,The Puerto Rican Family,27600
1,Blacks in Labor and Politics,31400
1,African World View: Philosophy and Symbolic Thought,32200
1,Islam and Christianity in Africa,32300
1,African-American Ethnohistory,32400
1,Autobiography as a Theme in Black Literature,33000
1,Sociolinguistic Fieldwork in Black and Puerto Rican/Latino Speech Communities,37000
1,Pan-Africanism,40100
1,African American Political Thought,40200
1,Development Strategies in the African-Caribbean,40300
1,The Black Church and Social Change,42000
1,History of Puerto Rican Labor Movements,44200
2,Introduction to Prehistoric Archaeology,12600
2,Methods In Archaeological Science,12700
2,Archaeology of Africa,22600
2,Archaeology of Europe,22700
2,Archaeology of the Near East to 2000 BC,22800
2,Prehistory of North American Indians,23000
2,Archaeology of Mesoamerica,23100
2,Archaeology of South America and the Caribbean,23200
2,Rise of Old and New World Civilizations,32600
2,Prehistoric Cultural Ecology,32700
2,Analytic Methods in Archaeology,34600
2,Seminar in Archaeological Field Methods,42600
3,Human Evolution,10100
3,The Human Species,10500
3,Biology of the Living Primates,21000
3,Theory of Evolution,21400
3,Human Fossil Record,30100
3,Human Genetics,30200
3,Evolution of the Human Skeleton,30500
3,Human Anatomy,30600
3,Primate Ecology and Behavior,31000
3,Primate Evolution,31100
3,Primate Evolutionary Genetics,31200
3,Human Evolutionary Adaptations,31600
3,Primate Nutritional Ecology,31800
3,Seminars in Selected Topics,40100
2,Cultural Diversity in the United States: Historical and Ethnographic Perspectives,10000
2,Introduction to Cultural Anthropology,10100
2,Africa: Societies and Cultures,20000
2,The Middle East: Societies and Cultures,20100
2,East Asia: Societies and Cultures,20400
2,Native North America: Societies and Cultures,21100
2,Latin America: Societies and Cultures,21300
2,The Caribbean: Societies and Cultures,21400
2,The Anthropology of Black America,21500
2,The Anthropology of the Civil Rights Movement in the U.S.,21800
2,Reading Ethnographies,27500
2,Gender in Anthropological Perspective,30100
2,Folklore and Myth,30600
2,Anthropology of Religion,30700
2,Human Ecology,30800
2,Countryside and City: Comparative Perspectives,30900
2,Politics and Power in Anthropological Perspective,31000
2,Anthropology of Art,31100
2,Anthropological Approaches to Sexuality,31200
2,Research Design in Anthropology,31400
2,Applied Anthropology,31500
2,History of Anthropological Theory,31800
2,Problems in Anthropology,32000
2,Women and Globalization,32100
2,Family and Household in Anthropology and History,32200
2,Special Projects and Independent Research in Anthropology,32500
2,East Asia: Societies and Cultures,33200
2,Latin America: Societies and Cultures,33400
2,Popular Culture: Anthropological Perspectives,35000
2,Honors Projects,40000
2,Seminars in Selected Topics,40100
2,International Migration,40196
2,Introduction to Linguistics,15100
2,North American Indian Languages and Cultures,26000
2,Afro-New World Languages and Cultures,26300
2,Language Sex and Gender,32076
2,Language in Culture and Society,35100
2,Phonological Analysis and Theory,35300
2,Grammatical Analysis and Theory,35400
2,Quantitative Methods in Anthropology,31600
2,Field Methods in Cultural Anthropology,31700
4,Beginning Arabic I,10100
4,Beginning Arabic II,10200
4,Beginning Arabic for Heritage Speakers,14800
4,Spoken Egyptian Arabic,14900
4,Topics in Arabic Literature and Culture,20000
4,Intermediate Arabic I,20100
4,Intermediate Arabic II,20200
4,Intermediate Arabic for Heritage Speakers,24800
4,The Arab Novel (in translation),25000
4,Arab Cinema (in translation),25100
4,Literatures from the Islamic World,25200
4,Literatures and Cultures of Muslim Spain,25300
4,The Arabian Nights East and West,25400
4,Modern Palestinian Culture,25500
4,Modern Arab Theatre,25600
4,Problems in Arabic Literature and Culture,30000
4,Advanced Arabic I,30100
4,Advanced Arabic II,30200
14,Introduction to Classical  Near Eastern  and Egyptian Archaeology,20400
14,Aegean Archaeology,22000
14,Greek Archaeology,22100
14,Roman Archaeology I: Etruscans  Monarchy  Republic,22200
14,Roman Archaeology II: The Archaeology of the Roman Empire,22300
14,Archaeology of Egypt,22500
14,Archaeology of Eastern Mediterranean,22700
14,Archaeology of Mesopotamia and Iran,32200
14,Archaeology of Anatolia,32300
14,Problems in Archaeology,32900
14,Field Seminar in Archaeology,33000
4,Introduction to History of Art,11100
4,Egyptian Art,20500
4,Greek Art,21500
4,Roman Art,21600
4,Early Medieval Art,22000
4,Later Medieval Art,22100
4,Art of Early Renaissance,22500
4,Northern Renaissance Art,22700
4,Art of High Renaissance and Later 16th Century in Italy,23000
4,Southern Baroque Art,23500
4,Art and Architecture in Colonial Latin America,23700
4,Baroque Art of Northern Europe,24000
4,Eighteenth-Century Art,24300
4,Neo-Classicism and Romanticism: the Age of Revolution  1789-1848,24400
4,Issues in 19th-Century French Painting: Realism  Impressionism and Post-Impressionism/Symbolism (1850-1910),24500
4,American Art 1760-1900,24600
4,Modern Art in Latin American ( until c. 1945),24700
4,Twentieth-Century Art I,24900
4,Twentieth-Century Art II,25000
4,Contemporary Art,25100
4,Ancient Architecture,25200
4,Medieval Architecture,25300
4,Architecture: Renaissance to Neo-Classical,25400
4,Modern Architecture I (1850- 1950),25500
4,Modern Architecture II (from 1950 until today),25600
4,Postwar and Contemporary Art in Latin America,25700
4,Islamic Art and Architecture,26000
4,Art of East Asia: Ritual and Religion,26200
4,Art of East Asia: Painting and Calligraphy,26300
4,Art of Africa and Oceania,27000
4,History of Photography,28000
4,Research Methods of Art History Seminar,30000
4,Special Topics Lecture in Ancient Art,31100
4,Special Topics Lecture in Medieval Art,32100
4,Special Topics Lecture in Renaissance Art,33100
4,Special Topics Lecture in Baroque Art,34100
4,Special Topics Lecture in Modern Art,35100
4,Special Topics Lecture in Islamic Art,36100
4,Special Topics Lecture in Asian Art,37100
4,Special Topics Lecture in Art History,38100
4,Independent Study in Art History,40200
4,Advanced Studies Seminar in Ancient Art,41000
4,Advanced Studies Seminar in Medieval Art,42000
4,Advanced Studies Seminar in Renaissance Art,43000
4,Advanced Studies Seminar in Baroque Art,44000
4,Advanced Studies Seminar in Modern Art,45000
4,Advanced Studies Seminar in Islamic Art,46000
4,Advanced Studies Seminar in Asian Art,47000
4,Advanced Studies Seminar in Art History,48000
4,Internship,49800
4,Drawing,22100
4,Graphic Arts Workshop,22500
4,Painting,23500
4,Watercolor Painting,24000
4,Sculpture,25100
4,Ceramics,25700
4,Principles of Photography,27100
4,Combined Media,29000
4,Advanced Studio,30100
4,Advanced Drawing,32200
4,Advanced Graphic Arts Workshop,32600
4,Advanced Painting,33600
4,Advanced Sculpture,35200
4,Advanced Ceramics,35700
4,Special Projects,36000
4,Advanced Photography,37200
4,Combined Media,39000
4,Independent Study in Studio Art,40200
4,Art and Current Ideas II,40500
4,Professional Experience in Art I,45900
4,Professional Experience in Art II,46000
4,Internship,49800
4,Art Foundations: Seeing  Thinking  Making,20100
4,2-D  3-D 4-D Seminar,36018
4,Asians in the U.S.,21000
4,Asian American Women Writers,22001
4,Asian American Literature,22012
4,Arab American Literature,22004
4,South Asian Women’s Literature,22005
4,Filipino American Literature,22006
4,Gender and Genre in Asian American Literature and Film,22009
4,Introduction to Writing About Asian American Literature,22100
4,Asian American Art,22500
4,Nation  Self  and Asian Identity,32001
4,Asian American Memoir,32005
4,Asian American Social Protest Literature,32100
4,Muslim Diasporas,33008
4,Asian Pacific American Media,34001
4,West Asian American Literature and Film,34003
4,Oral History  Cultural Identity and the Arts,33052
4,Gender and Sexuality in Asian American Literature and Film,39006
4,Ethnicity and American English,39016
4,Asian American Poetics,39018
4,Independent Study,46000
4,Asian American Communities and Mental Health,23002
4,Asian American Studies Internship,29000
4,Asian American History of Labor and Politics,35100
4,International Migration,39001
4,Asian American Civil Rights and the Law,39002
4,Asian American Movement and Community Organizations,49100
4,Globalization and Gender,23001
4,Chinese in the U.S.,33001
4,South Asians in the U.S.,33003
4,Immigration and the Economy,39015
4,Independent Study,46000
4,Immigration Policy,49000
4,Basic Concepts in Astronomy,10000
4,Basic Concepts of Astronomy with Laboratory Exercises,10100
4,Laboratory Explorations in Astronomy,10200
4,Laboratory Explorations in Astronomy,10300
4,Laboratory Exercises in Astronomy,10700
4,Astronomy of the Solar System,18100
4,Stellar Astronomy,18200
10,Principles of Biology I,10000
10,Principles of Biology II,10200
10,Introduction to Genome Biology,10500
10,The Human Barcode: Biology and Genetics of Personal Identification,10700
10,Anatomy and Physiology I,12000
10,Anatomy and Physiology II,12200
10,Human Biology,12500
10,CSI:  HUNTER (Forensic Biology),15000
10,Honors Principles of Biology II,16000
10,Choreographing Genomics,17500
10,Molecular Biology and Genetics,20300
10,Fundamentals of Microbiology,23000
10,Survey of Microbiology with Case Studies,23100
10,Current Topics in the Biosciences,25000
10,Biological Chemistry,30000
10,Biological Chemistry,30100
10,Cell Biology,30300
10,Environmental Microbiology,30400
10,Developmental Biology,30600
10,Genetics,32000
10,Evolution,32200
10,The Biology of Cancer,35000
10,Cellular and Molecular Immunology,36000
10,Physiology of the Nervous System,37000
10,Molecular Systematics,37500
10,Endocrinology,37600
10,Molecular Neurobiology,38000
10,Laboratory in Cell Structure,39000
10,Laboratory in Cell Structure – Biological Electron Microscopy,39100
10,Computational Molecular Biology,42500
10,Individual Tutorial in Biology,45000
10,Introduction to Planning and Teaching of Laboratory Work in Biology,46000
10,Special Topics in Biology,47000
10,Special Topics in Biology,47100
10,Introduction to Experimental Biology,48000
10,Introduction to Experimental Biology,48100
10,Introduction to Experimental biology,48200
10,Introduction to Experimental Biology,48300
10,Ecology,20800
10,Topics in Genetics and Evolution,22000
10,Comparative Anatomy of the Vertebrates,25200
10,Biochemistry of Health and Nutrition,28000
10,Comparative Animal Physiology,33500
10,Plant Physiology,34000
10,Fundamentals of Developmental Neurobiology,38500
10,Special Topics in Advanced Laboratory Techniques,40000
11,Essentials of General Chemistry Lecture,10000
11,Inquiries into the Nature of Matter,10100
11,General Chemistry I,10200
11,General Chemistry Laboratory I,10300
11,General Chemistry II,10400
11,General Chemistry Laboratory II,10500
11,General Chemistry Laboratory,10600
11,Chemical Principles,11100
11,Thermodynamics and Solution Chemistry,11200
11,Introductory Chemistry,11500
11,Essentials of Organic Chemistry Lecture,12000
11,Essentials of Organic Chemistry Laboratory,12100
11,Peer-Led Teaching in Chemistry,15000
11,Organic Chemistry Lecture I,22200
11,Organic Chemistry Laboratory I,22300
11,Organic Chemistry 1 Lab Rec,22301
11,Organic Chemistry Lecture II,22400
11,Organic Chemistry Laboratory II,22500
11,Organic Chemistry 2 Lab Rec,22501
11,Quantitative Analysis,24900
11,Chemical Investigations,29101
11,Chemical Investigations,29102
11,Introduction to Planning and Teaching of Laboratory Work in Chemistry,29500
11,Organic Chemistry Lecture III,32200
11,Computational Drug Discovery,33300
11,Instrumental Analysis,34900
11,Biophysical Chemistry,35000
11,Physical Chemistry I,35200
11,Physical Chemistry II - F,35400
11,Physical Chemistry Laboratory I,35500
11,Physical Chemistry II - S,35600
11,Physical Chemistry Laboratory II,35700
11,Introduction to Nanotechnology,36000
11,Inorganic Chemistry,36600
11,Structural Biology,36800
11,Biochemistry I,37600
11,Biochemistry II,37700
11,Biochemistry Laboratory,37800
11,Topics of Current Interest in Chemistry,38800
11,Current Laboratory Methods in Chemistry,39000
11,Introduction to Research,49101
11,Introduction to Research,49102
12,Chinese Culture I,11100
12,Chinese Culture II,11200
12,Topics in Chinese Culture,21100
12,Topics in Chinese Literature in English Translation,25100
12,Classical Chinese Fiction in English Translation,35500
12,Chinese Poetry in English Translation,35700
12,Second Language Acquisition,39900
12,Elementary Chinese I,10100
12,Elementary Chinese II,10200
12,Chinese Writing System and Calligraphy I,10500
12,Chinese Writing System and Calligraphy II,10600
12,Intensive Elementary Chinese,10700
12,Intermediate Chinese I,20100
12,Intermediate Chinese II,20200
12,Intensive Intermediate Chinese,20700
12,Journalistic Chinese Literature I,30100
12,Journalistic Chinese Literature II,30200
12,Classical Chinese Literature I,30300
12,Classical Chinese Literature II,30400
12,20th-century Chinese Literature,30600
12,Classical Chinese Poetry,30700
12,Advanced Studies in Chinese Literature,40100
12,Independent Study in Chinese Literature,40200
14,Greek and Roman Tragedy,25000
14,Ancient Comedy,25100
14,Homer and Vergil,25300
14,The Ancient Novel in Translation,25400
14,Classical Mythology,10100
14,The Greek and Latin Roots of English,11000
14,Greek Civilization,20100
14,Hellenistic Civilization,20200
14,Roman Civilization,20300
14,Topics in Classics,24000
14,Comparative Backgrounds of Classical Mythology,30200
14,Religion of Ancient Greece,30300
14,Pagans and Christians,30400
14,Women and Slaves in Classical Antiquity,30500
14,Special Studies in Ancient Greek Culture,30600
14,Special Studies in Ancient Roman Culture,30700
14,Magic and Science in the Ancient World,30800
14,Ancient Sports and Spectacles,31000
14,Independent Study in Classics,42100
14,Honors in Classics,49100
14,Internship,49800
15,Bodies Using Bodies,15200
15,Controversial Issues in Health and Health Care,20000
15,Introduction to Community and Public Health,30100
15,Principles of Health Promotion,30200
15,Social Structure and Health,30300
15,Introduction to Health Communication Theory and Practice,30400
15,Social Disparities in Health,30600
15,Human Sexuality,32400
15,Environmental Public Health,32500
15,Public Health Biology,32800
15,Principles of Epidemiology,33000
15,Health Care Systems and Health Policy,40500
15,Digital Media and Health,40800
15,Community Health Assessment,41100
15,Directed Fieldwork Practicum,41200
15,Research Symposium,41300
15,Independent Study,48010
15,Independent Study,48020
15,Independent Study,48030
15,Honors,49000
16,Seminar: Approaches to Comparative Literature,30100
16,Comparative Studies in Prose Fiction,32000
16,Comparative Studies in Prose Fiction,32100
16,Comparative Studies in Drama,33000
16,Comparative Studies in Drama,33100
16,Perspectives on Literature and the Arts,34000
16,Perspectives on Literature and the Arts,34100
16,Comparative Studies in Literary Movements,35000
16,Comparative Studies in Literary Movements,35100
16,Comparative Studies in Myth and Folklore,37000
16,Comparative Studies in Myth and Folklore,37100
16,Selected Topics in Comparative Literature,38000
16,Selected Topics in Comparative Literature,38100
16,Honors Project,39000
16,Honors Project,39100
17,Computer Technology in Childhood Education,11500
17,Introduction to Computers,12000
17,Computers and Money: Quantitative Reasoning in Context,12100
17,Introduction to Computer Science,12700
17,Practical UNIX and Programming  with Lab,13200
17,Programming for Everyone,13300
17,Software Analysis and Design I,13500
17,Supervised Programming Lab,13600
17,Discrete Structures,15000
17,Computer Architecture I,16000
17,Topics in Creative Problem Solving,17200
17,Independent Workshop,18100
17,Independent Workshop,18200
17,Independent Workshop,18300
17,Relational Databases and SQL Programming  with Lab,23200
17,Programming Projects Seminar for Minors,23300
17,Software Analysis and Design II,23500
17,Computer Architecture II,24500
17,Computer Architecture II,26000
17,Computer Theory I,26500
17,Microprocessors and Embedded Systems,26700
17,Symbolic Logic,27500
17,Software Analysis and Design III,33500
17,Operating Systems,34000
17,Artificial Intelligence,35000
17,Machine Learning,35300
17,Introduction to Linear Programming,35500
17,Computer Architecture III,36000
17,Computer Theory II,36500
17,Advanced Symbolic Logic,37100
17,Logic and Computers,37200
17,Non-classical Logic,37700
17,Independent Study in Computer Science,39100
17,Independent Study in Computer Science,39200
17,Independent Study in Computer Science,39300
17,Topics in Computer Science,39400
17,Topics in Computer Science,39500
17,Software Engineering,40500
17,Data Communications and Networks,41500
17,Database Management,43500
17,Language Translation,45000
17,Advanced Programming Languages,46000
17,Honors Seminar,49300
17,UNIX System Programming,49366
17,Big Data Technology,49369
17,Supervised Research,49600
17,Supervised Research,49700
17,Supervised Research,49800
17,Advanced Applications: A Capstone for Majors,49900
18,Improvisation as a Creative Process I,22100
18,Composition I,32100
18,Production I,32400
18,Composition II,42100
18,Choreographic Projects,42200
18,Production II,42400
18,Repertory I,43200
18,Repertory II,43300
18,Lecture/Demonstration Touring Group,44000
18,Fundamentals of Contemporary Dance Technique,10100
18,Fundamentals of Ballet,14500
18,Folk Forms of Dance I,15100
18,Contemporary Dance Technique I,21000
18,Contemporary Dance Technique II,22000
18,Ballet I,24500
18,Folk Forms of Dance II,25100
18,Special Topics: Traditional Dance I,25200
18,Contemporary Dance Technique III,31000
18,Contemporary Dance Technique IV,32000
18,Ballet II,34500
18,Special Topics: Traditional Dance II,35200
18,Ballet III,44500
18,Dance  Dancers and the Audience,10200
18,Basic Musicianship for Dancers,21300
18,20th-Century Dance History,23200
18,Anatomy and Kinesiology for Dancers,35000
18,Seminar in Dance,46100
18,Independent Study in Dance,48000
18,Honors in Dance,49000
18,Internship,49800
19,Introduction to Economics,10000
19,Special Topics in Economics,19600
19,Principles of Microeconomics,20000
19,Principles of Macroeconomics,20100
19,Techniques of Economic Analysis,22000
19,Economic Statistics,22100
19,Special Topics in Economics,29600
19,Money and Banking,21000
19,Economics of the Media,23300
19,Business Organization and Management,26000
19,Selected Topics in Economics,29500
19,Intermediate Microeconomics,30000
19,Intermediate Macroeconomics,30100
19,Financial Institutions,31000
19,Public Finance,31500
19,Introduction to Econometrics,32100
19,Economic Development,33000
19,Mathematical Foundations of Economics,33700
19,Strategies and Games in Economics,33900
19,International Trade,34000
19,International Finance,34100
19,Women and Men in the Labor Market,34500
19,Comparative Economic Systems,35000
19,Business Strategy & Industrial Organization,35500
19,Business and Public Policy,35600
19,Managerial Economics,36000
19,Corporate Finance,36500
19,Security and Investment Analysis,36600
19,Law and Economics,37000
19,Independent Study in Economics,39000
19,Selected Topics in Economics,39500
19,Computer Applications in Economics,42600
19,Selected Topics in Economics,49500
19,Honors Seminar in Economics,49600
19,Internship in Economics of Accounting,49800
19,Honors Project,49900
81,Survey of Accounting,22500
81,Essentials of Business Law,23000
81,Accounting I,27100
81,Accounting II,27200
81,Business Law I,28000
82,Analysis of Financial Statements,36700
82,Intermediate Accounting I,37100
82,Intermediate Accounting II,37200
82,Federal Income Taxation,37300
82,Managerial Accounting (Cost Accounting),37400
82,Business Law II,38000
82,Advanced Accounting I,47100
82,Advanced Accounting II,47200
82,Business Taxes,47300
82,Auditing,47500
82,Computer Accounting Systems,47600
82,Business Law III,48000
82,Accounting & Auditing Research,49000
19,Development of Economic Thought,30500
19,Economic History,33100
19,Regional Economics,33600
19,The Labor Movement,34600
19,Economics of the Caribbean,35200
19,Econometrics,42100
76,Building the Foundations of Literacy in Grades 7-12,21000
76,Young Adult Literature in Our Diverse Society,21100
76,Methods I: Foundations of Literacy  Language and Learning in the Foreign/Heritage Language Classroom  Grades 7-12,21200
76,Methods I: Classroom Organization  Management and Instruction in Mathematics and Science  Grades 7-12,21300
76,Methods I: Classroom Organization  Management  and Instruction in Social Studies  Grades 7-12,21500
76,Adolescent Health and Safety,22000
76,Teaching English Methods to a Diverse Population in Grades 7-12,32100
76,Methods II: Instructional Planning for Literacy  Language  and Learning in the Foreign/Heritage Language Classroom  Grades 7-12,32200
76,Methods II: Teaching Diverse Learners in Mathematics  Grades 7-12,32300
76,Methods II: Teaching Diverse Learners Science  Grades 7-12,32400
76,Methods II: Teaching Diverse Learners in Social Studies  Grades 7-12,32500
76,Adolescent Fieldwork,34100
76,Student Teaching in English  Grades 7-12,45100
76,Student Teaching in Chinese  Grades 7-12,45210
76,Student Teaching in French  Grades 7-12,45220
76,Student Teaching in German  Grades 7-12,45230
76,Student Teaching in Hebrew  Grades 7-12,45250
76,Student Teaching in Italian  Grades 7-12,45260
76,Student Teaching in Russian  Grades 7-12,45270
76,Student Teaching in Spanish  Grades 7-12,45280
76,Student Teaching in Mathematics  Grades 7-12,45300
76,Student Teaching in Biology  Grades 7-12,45410
76,Student Teaching in Chemistry  Grades 7-12,45420
76,Student Teaching in Physics  Grades 7-12,45430
76,Student Teaching in Social Studies  Grades 7-12,45500
76,Social Foundations of Education  Grades 7-12,20300
76,Adolescent Development,20400
76,Educational Psychology: Applications in Grades 7-12,20500
76,Assessment of the Teaching and Learning Process in Grades 7-12,20600
76,Teaching Students with Special Needs in Inclusive Settings,30800
18,Early Childhood Programs and Curricular Frameworks,30000
18,Field work/Internship 1,30100
18,Field work/Internships,30100
18,Field work/Internship 2,30200
18,Field work/Internship 3,30300
18,Creative Arts and Play-Based Learning,30400
18,Language and Literacy for Children of Diverse Backgrounds (B-Prekindergarten),30500
18,Language and Literacy for Children of Diverse Backgrounds  Kindergarten through 2nd Grade,30600
18,Inclusionary Practices and Teaching Children of Diverse Backgrounds,30800
18,Mathematics in Early Childhood,31000
18,Early Childhood Science and Inquiry-Based Learning,31100
18,Health  Family  and Community Partnerships,31400
18,Student Teaching,40100
18,Human Development and Theories of Learning  Prenatal-Age 8,20000
18,Social and Historical Foundations of Early Childhood Care and Education,20100
18,Assessment in Early Childhood  Birth through 2nd Grade,40000
19,Introduction to Urban Education: Topics and Issues around Diversity and Equity,25000
68,The Art of Effective Teaching,40080
68,Developmental Reading,40180
68,Mathematics Teaching and Learning in Elementary School,40680
68,The Arts: An Interdisciplinary Learning Experience,40780
68,Literacy Across the Content Areas,41080
68,Teaching Social Studies through Literature  the Arts  and Technology in Elementary Schools,41280
68,Teaching Science in Elementary Schools,41480
68,Student Teaching,41580
68,Child Growth and Development,20280
68,Social Foundations of Urban Education,40380
68,Psychology of Teaching and Learning,41380
68,Fieldwork I: Fieldwork for Child Development and Developmental Reading,30000
68,Fieldwork II: Fieldwork for Literacy Across the Content Areas and Teaching Social Studies through Literature  the Arts  and Technology in Elementary Schools,30100
68,Fieldwork III: Fieldwork for Mathematics Teaching and Learning in Elementary School and Psychology of Teaching and Learning,30200
18,Theory and Practice of Teaching Dance (pre-K-12),30200
76,Student Teaching in Dance  Grades Pre-K-12,45600
41,Women and Health,20100
41,Sex Education,30500
41,Drugs and Drug Dependencies,30600
41,Independent Study in Health Education,48000
41,Health Education for the Classroom Teacher,31400
19,Honors Course in Educational Research,49000
19,Reading II,200
19,English for Bilingual Students II,400
19,English for Bilingual Students III,500
19,Introduction to Writing about Literature,22000
19,Topics in Literature,25000
19,Topics in Literature,25100
19,Introduction to Literary Studies,25200
19,Survey of British Literature II: the Eighteenth Century to the Present,25400
19,Topics in Non-European Literary Traditions,25500
19,Topics in Literature by Non-European Americans,25600
19,Topics in Literature by Women,25800
19,Topics in Literature,35800
19,Introduction to Literary Analysis,30200
19,Western Literary Backgrounds of British and American Literature,30300
19,Studies in Children's Literature,30500
19,Literary Theory,30600
19,Topics in Non- European Literary Traditions,31700
19,Topics in Literature of Non-European Americans,31800
19,Topics in Literature by Women,31900
19,Multi-Ethnic American Literature,32000
19,Topics in African American Literature,32100
19,Topics in Gender and Sexuality in Literature,32200
19,Topics in Asian American Literature,32300
19,Topics in Native American Literature,32400
19,Post-Colonial Literature in English,32500
19,Topics in US Latina/o Literature,32600
19,Topics in Caribbean Literature,32700
19,Topics in Cross-Cultural Literature in English,32900
19,Sociolinguistics,33000
19,The Structure of Modern English,33100
19,History of the English Language,33200
19,Topics in Language and Linguistics,33300
19,Beowulf and Other Early Texts,33400
19,Chaucer,33500
19,Medieval Literature (1100-1500),33600
19,Literary Aspects of Folklore,33700
19,Survey of British Literature I: Early Texts To the Eighteenth Century,33800
19,Survey of British Literature II: The Eighteenth Century to the Present,33900
19,History of Rhetoric,34000
19,Rhetorical Principles of Expository Writing,34100
19,Topics in Rhetoric,34200
19,Discourse Analysis,34600
19,Language and Ethnicity,34700
19,English Across the World,34800
19,Renaissance Drama,35000
19,The Age of Elizabeth I,35100
19,Shakespeare Survey,35200
19,Shakespeare I,35300
19,Shakespeare II,35400
19,Topics in Shakespeare,35500
19,Topics in Seventeenth-Century Literature,35900
19,The 17th Century,36000
19,Milton,36100
19,English Drama of Restoration and 18th Century,36200
19,Topics in Milton,36300
19,The Age of Satire,36400
19,The Later 18th Century,36500
19,The 18th Century English Novel,36800
19,The 19th Century English Novel,36900
19,Topics in Romantic Literature,37100
19,Romantic Poetry,37200
19,Victorian Literature,37300
19,20th and 21st Century British and Irish Poetry,37400
19,20th and 21st Century American Poetry,37500
19,20th and 21st Century British and Irish Fiction,37600
19,20th and 21st Century American Fiction,37700
19,20th and 21st Century British and Irish Drama,37800
19,20th and 21st Century American Drama,37900
19,Irish Literary Renaissance,38000
19,Topics in Medieval Literature,38200
19,Topics in Renaissance Literature,38300
19,Topics in Restoration and 18th Century Literature,38400
19,Topics in 19th Century Literature,38500
19,Topics in British and American Literature,38600
19,Topics in British and/or Irish Fiction,38700
19,Topics in Multi-Genre British and/or Irish Literature,38800
19,One Major Writer,38900
19,Topics in 20th Century Literature,39000
19,Topics in British and/ or Irish Poetry,39100
19,Topics in American Poetry,39200
19,World Literature: Drama,39400
19,Survey of American Literature: Origins to the Civil War,39500
19,American Prose from Reconstruction to World War I,39600
19,Pre-20th Century American Poetry,39700
19,Topics in American Fiction,39800
19,Topics in American Multi-Genre Literature,39900
19,Special Studies Seminar,48200
19,Special Studies Seminar,48300
19,Special Studies Seminar,48400
19,Advanced Poetry Writing,48469
19,Narrative Forms: Strategies in Fiction Writing,48476
19,Character  Class  Conflict in Contemporary Firction,48483
19,Creative Non-Fiction,48491
19,Individual Tutorial Project,48500
19,Advanced Topics Seminar,49000
19,Honors Seminar: Special Studies,49400
19,Internship,49800
19,Expository Writing,12000
19,Intermediate Expository Writing Using Small-Group Methods,20100
19,Advanced Expository Writing,21800
19,Introduction to Creative Writing,30000
19,Theory and Practice of Expository Writing,30100
19,Workshop in Non-Fiction I,30800
19,Workshop in Non-Fiction II,30900
19,Workshop in Fiction I,31100
19,Workshop in Fiction II,31300
19,Workshop in Poetry I,31400
19,Workshop in Poetry II,31600
19,Advanced Prose Writing,48455
19,Introduction to Cinema,10100
19,Media & Film in a Digital Age I,15000
19,Media & Film in a Digital Age II,16000
19,Practical Film Analysis,20100
19,Film History I: 1895-1942,21100
19,Film History II: Since 1942,21200
19,National Cinema,21300
19,National Cinema: Italian Cinema,21305
19,Israeli Cinema,21344
19,National Cinema: French New Wave,21351
19,National Cinema: Asian Cinema,21355
19,Multicultural Perspectives in Cinema,21400
19,Women and Film,21500
19,Topics in Genre Studies,22200
19,Topics in Genre Studies: “The Woman's Film” of the 1940s,22252
19,Cinematic Space,22400
19,Movies in American Culture,23000
19,Studies of Selected Directors,23100
19,Experimental Film and Video,23200
19,Film Production I,25100
19,Location Sound,28600
19,Screen Writing I - The Short,27600
48,Movies in American Culture,23000
19,Nonfiction Film and Video,31500
19,Contemporary Film Theory,32200
19,Film Technology and Aesthetic Theory,32300
19,Aesthetics of Film Sound,32351
19,Narrative Strategies,32400
19,America in American Film and Video,32600
19,Representations of Race and Ethnicity in U.S. Media,32700
19,Images of Resistance in the Developing World,32800
19,Myths and Images in the Media,33200
19,Styles and Theories of Film Acting,33300
19,Theatricality and the Presentation of Self,33400
19,History of Cinematography,34400
19,Problems in Film Research,39100
19,Topics in Film History,39700
19,Directing Documentary Video Production,31100
19,Producing the Film,34100
19,Film Production II,35200
19,Screen Directing I,37100
19,Screen Directing II,37200
19,Techniques of Cinematography,38100
19,Narrative Editing,38200
19,Sound Design,38300
19,Film and Video Production,38400
19,Experimental Production,31600
19,Screen Writing II The Feature,37700
48,Concepts in Gaming,36300
19,Special Topics in Film,29900
19,Studies in Film,39900
19,Independent Research,40100
19,Honors Project,40200
19,Internship,49800
19,Advanced Seminar,49900
19,Special Topics in Advanced Film Practice,39900
19,Film and Video Production Seminar,45100
19,Internship,49800
48,Special Topics in Media Production,29900
48,Introduction to Media Studies,18000
48,Journalism and Society,21000
48,News Literacy in a Digital Age,21100
48,Internet and Society,26000
48,Television Culture,27100
48,Understanding New Media,28000
48,Special Topics in Media Studies,29800
48,The Horror Film,29853
48,Special Topics in Media Studies,29900
48,The Culture of Publicity,31300
48,Public Relations: Theory and Practice,31400
48,Nonfiction Film and Video,31500
48,America in American Film and Video,32600
48,Representations of Race and Ethnicity in U.S. Media,32700
48,Images of Resistance in the Developing World,32800
48,Myths and Images in the Media,33200
48,Typecasting,33300
48,Digital Copyright,36500
48,The Press and the Public,37000
48,Journalism as Literature,37300
48,Media  Sports  and Society,37400
48,Media and Politics,37500
48,History of Broadcasting,38000
48,Propaganda and the Mass Media,38100
48,Popular Music and the Music Industry,38300
48,Women and Media,38400
48,Media Ethics,38600
48,Broadcast Journalism,39000
48,History of Print Journalism,39100
48,Media Criticism,39300
48,Mass Communications and the Law,39400
48,Mass Media in Developing Countries,39500
48,Global Communication,39600
48,Cult TV and its Audiences,39700
48,Complex Television Narratives,39800
48,Special Issues in Media Studies,39900
48,Advanced Seminar,49900
48,Media and Film in a Digital Age Pt. 1,15000
48,Media and Film in a Digital Age Pt. 2,16000
48,Digital Design and Usability,25000
48,Introduction to 2D Animation,26000
48,Documentary Video Production 1,28100
48,Studio Television Production,28200
48,Web Production I,28500
48,Location Sound,28600
48,Advanced TV Studio Production,31000
48,Documentary Video Production 2,31100
48,Advanced Documentary Digital Editing,31200
48,Web Production II,33100
48,Web Programming,34100
48,Web Design Projects,34500
48,Introduction to Physical Computing,34900
48,Physical Computing: Interactive Installation,35500
48,3D Animation and Modeling,36000
48,3D Virtual Environments,36500
48,Sound Design,38300
48,Mobile Journalism,38700
48,Game Design and Programming,39909
48,Motion Graphics,39950
48,Film and Video Production Seminar,45100
48,Reporting and Writing I,20100
48,Reporting and Writing 2,20200
48,Entertainment Journalism,23900
48,News Video Reporting,28300
48,Radio Reporting and Podcasting,28400
48,Developing the Documentary,29000
48,Magazine Writing,29400
48,Online Journalism,29500
48,Feature Writing,29600
48,Experimental Production,31600
48,Investigative Reporting,37200
48,Neighborhood News,37700
48,Mobile Journalism,38700
48,Studio News Production,38800
48,Independent Research,40100
48,Honors Project,40200
48,Internship,49800
48,Special Topics in Advanced Media Production,39900
19,People and Their Environment,10100
19,World Regional Geography,15000
19,Special Topics: Introductory Geosciences,18300
19,Economic Geography and Globalization,22100
19,Environmental Conservation: Resource Management,22600
19,Environmental Conservation: Urban Problems,22700
19,Population Geography,24100
19,Urban Geography,24300
19,Geography of Development,24500
19,Cultural Geography,24700
19,Geographic Research Methods,25000
19,Special Topics in Urban and Regional Dynamics,30500
19,Special Topics in Contemporary Regional Geographies,30600
19,Transportation Geography,32100
19,Urban Environmental Problems: Evaluations and Solutions,32800
19,International Pollution Issues,33500
19,Geography of International Migration and Ethnicity,34200
19,Urban Geographic Theory,34300
19,Geography of New York City and Vicinity,35700
19,Geography of Sustainable Development in Developing Countries,37000
19,Rural Water Supply in Developing Regions,37100
19,Special Topics in Geography,38100
19,Special Topics in Geography,38200
19,Special Topics in Geography,38300
19,Individual Study in Geography,39100
19,Individual Study in Geography,39200
19,Individual Study in Geography,39300
19,Capstone in Urban and Social Geography,48000
19,Capstone in Sustainability Studies,48100
19,Honors in Geography,49000
19,Internship,49800
19,Digital Earth,10100
19,Introduction to Geographic Information Science,20100
19,Introduction to Remote Sensing,20300
19,Quantitative Methods in Geography,30100
19,Remote Sensing of the Environment,32100
19,Digital Image Processing,32200
19,Field Topographic Surveying,35000
19,Field Techniques in Geography,35100
19,GIS Analysis,36100
19,Introduction to Cartographic Design and Geovisualization,38000
19,GIS Applications,38500
19,Capstone in Geographic Information Science,48000
19,Honors in Geographic Information Science,49000
19,Internship in Geographic Information Science,49800
50,Weather and Climate,13000
50,Introduction to Weather  Climate and Climate Change,14000
50,Introduction to Weather  Climate and Climate Change Laboratory,14100
50,Physical Geography II: Principles of Geomorphology,23100
50,Earth System Science I,25000
50,Earth System Science II,25100
50,Introduction to Fluid Mechanics,31100
50,Biogeography,31300
50,Introduction to Hydrology,33200
50,Coastal Geomorphology See GEOL 33400,33400
50,Urban and Metropolitan Coasts,33500
50,Global Climatic Change,36100
50,Environmental Hazards,36300
50,Special Topics in Environmental Studies,38100
50,Special Topics in Environmental Studies,38200
50,Special Topics in Environmental Studies,38300
50,Individual Study in Environmental Studies,39100
50,Individual Study in Environmental Studies,39200
50,Individual Study in Environmental Studies,39300
50,Capstone in Physical Geography,48000
50,Honors in Environmental Studies,49000
50,Internship in Environmental Studies,49800
19,Introductory to Geology,10000
19,Introductory Geology Lab,10100
19,Plate Tectonics and the Earth's Evolution,10200
19,Introduction to Environmental Geoscience,10500
19,Introduction to Oceanography,18000
19,Environmental Geology,20500
19,Principles of Geomorphology,23100
19,Marine Geology,28000
19,Hydrology See PGEOG 33200,33200
19,Geomorphology: The Study of Beaches and Coasts,33400
19,Advanced Oceanography: Physics of the Oceans,38000
19,Special Topics in Geology and Oceanography,38100
19,Special Topics in Geology and Oceanography,38200
19,Special Topics in Geology and Oceanography,38300
19,Individual Study in Geology,39100
19,Individual Study in Geology,39200
19,Individual Study in Geology,39300
19,Sedimentology,24400
50,Geography of Soils and Vegetation,21200
19,Elementary German I,10100
19,Elementary German II,10200
19,Intensive Elementary German,10300
19,Intensive German 2 and 3,20000
19,Intermediate German I,20100
19,Intermediate German Workshop I,20150
19,Intermediate German II,20200
19,Intermediate German Workshop II,20250
19,Intensive Intermediate German,20300
19,Advanced German Comprehension and Conversation,30100
19,Advanced German Conversation and Composition,30200
19,Advanced German Language Studies,31000
19,Introduction to Business German,31200
19,Studies in German Literature and Language,32000
19,Individual and Society in Modern German Literature,32100
19,German Civilization,32200
19,Women in German Literature,32300
19,Modern Swiss Literature,32700
19,German Children's and Adolescent Literature,32800
19,The German Short Story and Novelle,33400
19,German Radio Plays: Hoerspiel,33500
19,German Lyric Poetry,33600
19,German Drama from Naturalism to Present,33900
19,German Drama from Age of Goethe to Naturalism,34100
19,The German Novel,34200
19,Readings in Classical Period of German Literature,34400
19,Literature of Weimar Republic,34500
19,German Literature of the 1930s and 1940s,34600
19,German Literature 1945-1995,34700
19,East German Literature (1945-1990),34800
19,Austrian Literature,35000
19,Goethe's Faust,35300
19,German Literary Seminar,35900
19,German-Jewish Love Stories in Literature and Film after 1945,37300
19,Advanced Topics in German Language Study,38500
19,The German Press of Today: Reading and Understanding Newspapers and Magazines,38501
19,Advanced Business German,38502
19,German Grammar for Upper- Level Discourse,38503
19,Advanced German Through Translation,38504
19,Second Language Acquisition,39900
19,Seminar Studies in German Literature and Language,44400
19,Honors Project,49100
19,Independent Study in German,49200
19,Individual Studies Project in German Studies,49300
19,Internship,49800
19,German Thought and Culture: A Survey,24000
19,German Fairy Tales in Translation,24100
19,Germany in the Twenties,37200
19,Masterpieces of German Literature in English Translation,37400
19,Studies/Seminar Studies in German Literature in English Translation,37900
19,Studies/Seminar Studies in German Literature in English Translation,47900
19,Post-Feminist German Literature and Film,32400
19,German through Lieder,10600
19,German Literature from Its Origins to the Age of Goethe,34300
19,Gottfried von Strassburg: Tristan,36100
19,Wolfram von Eschenbach: Parzival in translation,36200
19,Goethe’s Faust in English translation,36300
19,Heinrich von Kleist,36400
19,Georg Büchner,36500
19,Hermann Hesse,36600
19,Hermann Hesse: Magister Ludi,36700
19,Rainer Maria Rilke’s Duino Elegies,36800
19,Thomas Mann’s The Magic Mountain,36900
19,Franz Kafka,37000
19,Bertolt Brecht,37100
19,Masterpieces of Modern German Prose in English Translation,37600
19,Masterpieces of German Drama in English Translation,37800
19,Beginning Ancient Greek 1,10100
19,Beginning Ancient Greek 2,10200
19,Plato,20200
19,Ancient Greek Reading: Prose,21100
19,Ancient Greek Reading: Poetry,21200
19,Plato II,30100
19,Euripides,30200
19,Greek Lyric Poetry,30300
19,Aristophanes and Menander,30400
19,Attic Orators,30500
19,Sophocles,30700
19,Aeschylus,30800
19,Herodotus,30900
19,Thucydides,31000
19,Topics in Greek Literature,32000
19,Independent Study in Greek Literature,42100
41,Selected Studies in Hebrew Literature in Translation,21000
41,Masterpieces of Medieval Hebraic Literature in Translation,21100
41,Readings in Modern Hebrew Literature in Translation,21200
41,Maimonides'  Guide to the Perplexed,21400
41,Hebraic and Judaic Culture and Thought in the Medieval Islamic World,21500
41,Masterpieces of Yiddish Literature in Translation,21800
41,Israeli Cinema,22000
41,Modern Israeli Culture,22100
41,Introduction to Jewish Texts and Writings,22200
41,Introduction to the Old Testament,24000
41,Topics in Hebraic Studies,25000
41,Old Testament Religion,25900
41,Masterpieces of Ancient Hebraic Literature in Translation,28100
41,Images of Women in the Old Testament  in Translation,28400
41,Ancient Near Eastern Literature and the Bible,28600
41,Ancient Hebraic Folklore,28800
41,Biblical Archaeology,29000
41,The Hebrew Prophets,29200
41,Job  Ecclesiastes and the Human Predicament,29400
41,Ancient Hebrew Law,29500
41,The Dead Sea Scrolls in English,29600
41,Elementary Hebrew I,10100
41,Elementary Hebrew II,10200
41,Intensive Elementary Hebrew,10300
41,Elementary Biblical Hebrew I,10500
41,Elementary Biblical Hebrew II,10600
41,Intermediate Hebrew I,20100
41,Intermediate Hebrew II,20200
41,Intermediate Biblical Hebrew I,20500
41,Intermediate Biblical Hebrew II,20600
41,Modern Hebrew Literature I,31000
41,Modern Hebrew Literature II,31100
41,Biblical Literature: Pentateuch,31500
41,Biblical Literature: Historical Books,31600
41,Biblical Literature: Prophetic Books,31700
41,Biblical Literature: Hagiographa,31800
41,The Modern Hebrew Short Story,32000
41,Talmudic Literature,32100
41,Medieval Literature,32200
41,Poetry of the Modern Hebrew Renaissance Period,32300
41,The Modern Hebrew Essay,32400
41,History of Modern Hebrew Literature,32500
41,Hebrew Poetry Between the Two World Wars,32600
41,The Modern Hebrew Novel,32700
41,Contemporary Hebrew Prose,32800
41,Medieval Hebrew Philosophic Texts,33100
41,Hebrew Grammar and Composition,35100
41,Approaches to Main Problems in Hebraic Studies,35700
41,Hebrew Conversation I,37100
41,Hebrew Conversation II,37200
41,Selected Studies in Hebrew Literature,45100
41,Independent Studies,49000
41,Honors Project,49100
41,Second Language Acquisition,39900
42,Early Modern Europe 1500 to 1815,12100
42,19th and 20th Century Europe,12200
42,Ancient Civilization,20100
42,Medieval Civilization,21100
42,The Holocaust: An Introduction,24200
42,Greek History,30200
42,Roman History,30300
42,The Age of the Crusades,30500
42,Jewish History in the Medieval and Early Modern Periods,31000
42,Europe in the Early Middle Ages,31100
42,Europe in the High Middle Ages,31200
42,Europe in the Late Middle Ages,31300
42,Ancient and Medieval Christianity,31400
42,Jewish History in the Medieval and Early Modern Periods,31900
42,Jewish History in the Modern World,32000
42,History of the Holocaust,32100
42,Europe in the Age of Renaissance and Reformation,32400
42,Europe in the Age of Absolutism and Revolution,32500
42,Europe 1815-1914,32600
42,Europe since 1914,32700
42,History of European Diplomacy,32900
42,Social and Economic History of Modern Europe,33000
42,European Culture in the 16th  17th and 18th Centuries,33100
42,Modern Culture from the 18th to the 20th Centuries,33200
42,France during the Revolution and Napoleonic Eras,33400
42,History of Modern France,33500
42,History of 20th-Century Germany,33600
42,History of Spain,33700
42,History of Italy,33800
42,Early British History to 1689,34250
42,Britain Since 1689,34251
42,England under the Tudors and Stuarts,34300
42,Churchill's Britain,34600
42,Russia to the 20th Century,37400
42,Late Imperial Russia and the Soviet Union,37500
42,Soviet Foreign Policy,37600
42,Problems in European History,38400
42,Problems in European History (Honors),48400
42,The United States from the Colonial Era to the Civil War,15100
42,The United States from the Civil War Era to the Present,15200
42,History of Religion in the United States,31600
42,History of the American City,31700
42,History of the American Working Class,31800
42,History of New York City,35300
42,The American Colonies in the 17th Century,35400
42,The American Colonies in the 18th Century,35500
42,The Early Republic,35600
42,American-Jewish History,35700
42,20th Century United States,35800
42,Immigration and Ethnicity in the United States,35900
42,America and the World in the 20th Century,36100
42,Biography and Autobiography in the History of the U.S.,36200
42,American Cultural History,36300
42,American Constitutional History  1783 to 1900,36400
42,American Economic History,36500
42,Role of Women in American History,36600
42,Civil War and Reconstruction,36700
42,African American History in the United States,36900
42,The West in American History,37000
42,Problems in U.S. History,38300
42,Problems in U.S. History (Honors),48300
42,World History to 1500,11100
42,World History from 1500 to the Present,11200
42,History of the Jews,20800
42,History of Judaism,21000
42,Early History of Latin America,27100
42,History of Latin America in the 19th and 20th Centuries,27200
42,Middle Eastern History from the Beginning of Islam to 1800,27650
42,The Modern Middle East from 1800 to the Present,27651
42,East Asia to 1600,27700
42,East Asia  1600 to the Present,27800
42,History of Africa to the 19th Century,28800
42,Africa in the 19th and 20th Centuries,28900
42,History of the Ancient Near East,30100
42,Jewish History in the Ancient World,30900
42,History of the Ottoman Empire,37300
42,Ancient and Imperial China to 1800,37700
42,China Since 1800,37800
42,Japan to 1800,37900
42,Japan since 1800,38000
42,Problems in Non-Western History,38500
42,History of South Asia,38900
42,History of Modern West Africa,39000
42,Problems in Non-Western History (Honors),48500
42,Contemporary Issues in Historical Perspective,14100
42,Historical Issues,25000
42,History Practicum,29000
42,Historical Methods,29100
42,Historical Research,30000
42,Topics in History,34100
42,Latin American Political Economy,34122
42,African Influences in the Americas,34139
42,Historical Studies Seminar,38200
42,Historical Restoration and Museum Work,39100
42,Historical Research [H],40000
42,Honors Seminar in Historical Studies,49200
42,Individual Tutorial Research Project,49300
42,Internship,49800
43,Introduction to Human Rights: History  Discourse  Practice,20000
43,Special Topics in Human Rights,22000
43,Human Rights Internship,25000
43,Human Rights Internship Seminar,26000
43,Special Topics in Human Rights,32000
43,Human Rights Capstone Seminar,35000
44,Introductory Topics in Humanities and the Arts,15000
44,Explorations in the Arts,20100
44,Intermediate Topics in Humanities and the Arts,25000
44,Advanced Topics in Humanities and the Arts,35000
45,Elementary Japanese I,10100
45,Elementary Japanese II,10200
45,Intermediate Japanese I,20100
45,Intermediate Japanese II,20200
45,Japanese Culture Before 1600,25100
45,Japanese Culture Since 1600,25200
45,Special Topics in Japanese Culture,26100
45,Japanese Reading: Recitation and Comprehension,27100
45,Advanced Japanese I,30100
45,Advanced Japanese II,30200
45,Advanced Japanese Conversation,35100
45,Independent Study in Japanese,42101
45,Independent Study in Japanese,42102
45,Independent Study in Japanese,42103
45,Independent Studies,30000
45,Jewish Studies Fieldwork,31000
45,Individual Honors Project,40000
45,Jewish Studies Seminar I,41050
45,Jewish Studies Seminar II,41051
48,Beginning Latin,10100
48,Beginning Latin,10200
48,Beginning Latin  Intensive,10700
48,Ovid's Metamorphoses,20100
48,Roman Biography,20200
48,Vergil's Aeneid,20300
48,Cicero's De Senectute,20400
48,Latin Reading: Prose,21100
48,Latin Reading: Prose,21100
48,Latin Reading: Poetry,21200
48,Medieval Latin,22000
48,Roman Letter,30200
48,Roman Comedy,30300
48,Roman Satire,30400
48,Vergil's Eclogues and Georgics,30500
48,Cicero,30600
48,Lucretius'  De Rerum Natura,30700
48,Roman Epic,30800
48,Lyric Poetry of the Golden Age,30900
48,The Roman Novel,31000
48,Elegiac Poets,31100
48,Livy,31200
48,Caesar,31300
48,Tacitus,31400
48,Topics in Latin Literature,32000
48,Independent Study in Latin Literature,42100
48,Latin America and the Caribbean Field Course/Internship,33000
48,Seminar in Latin American and Caribbean Studies,43400
49,MHC Seminar 1  The Arts in New York City,10000
49,MHC Seminar 2: Peopling of New York,15000
49,MHC Seminar 3: Science and Technology,20000
49,MHC Seminar 4: Shaping the Future of New York City,25000
48,Basic Structures of Mathematics,10000
48,Algebra for College Students,10100
48,Mathematics and Everyday Life,10200
48,Mathematics for Elementary Education I,10400
48,Mathematics for Elementary Education II,10500
48,Topics in the Mathematical Sciences,11000
48,Matrices  Vectors and Linear Programming,11100
48,Precalculus,12500
48,Precalculus Technology Laboratory,12600
48,Calculus with Analytic Geometry I,15000
48,An Introduction to Symbolic Computation,15400
48,Calculus with Analytic Geometry II,15500
48,Introduction to Mathematical Proof Workshop,15600
48,Matrix Algebra,16000
48,Calculus with Analytic Geometry III,25000
48,Ordinary Differential Equations,25400
48,Vector Analysis,25500
48,Linear Algebra,26000
48,Symbolic Logic,27500
48,Intermediate Topics in Mathematics,29500
48,Mathematical Methods for the Physical Sciences,30100
48,Abstract Algebra I,31100
48,Abstract Algebra II,31200
48,Theory of Numbers,31300
48,Geometries,33100
48,Topology,34000
48,Mathematical Analysis I,35100
48,Mathematical Analysis II,35200
48,Introduction To Complex Variables,35300
48,Dynamical Systems and Chaos,35400
48,Mathematical Logic,37000
48,Fundamental Concepts of Modern Mathematics,37100
48,Logic and Computers,37200
48,Philosophy of Mathematics,37600
48,Non-classical Logic,37700
48,Numerical Methods I,38500
48,Independent Study in Mathematics,39100
48,Independent Study in Mathematics,39200
48,Independent Study in Mathematics,39300
48,Advanced Topics in Mathematics,39500
48,Calculus on Manifolds,45400
48,Numerical Methods II,48500
48,Honors Seminar,49000
76,Selected Topics in Elementary Probability and Statistics as Applied to Popular Science and Current Events,11000
76,Elementary Probability and Statistics,11300
76,Discrete Probability,21200
76,Introduction to Applied Statistics,21300
76,Data Analysis Using Statistical Software,21400
76,Statistical Analysis in Forensics,22000
76,Intermediate Topics in Statistics,29500
76,Probability Theory,31100
76,Stochastic Processes,31200
76,Introduction to Mathematical Statistics,31300
76,Bayesian Statistical Inference in the Sciences,31900
76,Advanced Biometrics,35100
76,Independent Study,39100
76,Independent Study,39200
76,Independent Study,39300
76,Advanced Topics in Statistics,39500
76,Modeling and Visualization,48600
50,Human Physiology: Integration and Control,31200
50,Human Histology,34700
50,Topics: Biohazards and Emergency Response,40066
50,Topics: Medical Technology,40067
50,Cell and Tissue Culture,45000
50,Immunology,46000
50,8003 - Independent Study,48001
50,Honors,49000
50,Fundamental Concepts and Techniques in the Medical Laboratory,30000
50,Hematology,34900
50,Clinical Microbiology I,35100
50,Clinical Microbiology II,35200
50,Clinical Biochemistry I: Biomolecules & Metabolism,35400
50,Clinical Biochemistry II: Genes to Proteins,35500
50,Computers and Data Processing in the Medical Laboratory,36100
50,Topics in Biomedical Sciences,40000
50,Professional Practice,41000
50,Immunohematology,43000
50,Senior Seminar,45700
50,A Thousand Years of Listening,10100
50,The World of Music,10700
50,Music Theory Fundamentals,10100
50,Introduction to Music Research,20100
50,Music History I,20500
50,Music History II,20600
50,Music for the Piano,21000
50,Masterpieces of Opera,21200
50,History of Jazz,21700
50,History of Rock,22000
50,Black Music in the Americas,22100
50,Master Composers,22700
50,Folk and Traditional Music,23100
50,Music of the Caribbean and Latin America,24000
50,Music of Asia,24100
50,Music of the Middle East,24300
50,Music of Africa,24500
50,Women and Music,25000
50,Film Music,25200
50,Special Topics in History and Literature of Music,26100
50,Special Topics in Music,26200
50,Music History III,30500
50,Music History IV,30600
50,Introduction to Ethnomusicology I,35200
50,Introduction to Ethnomusicology II,35300
50,Special Topics in History and Literature of Music,36100
50,Music Internship,49800
50,Elementary Guitar I,12100
50,Elementary Guitar II,12200
50,Elementary Piano I,13100
50,Voice I,21100
50,Voice II,21200
50,Piano I,21300
50,Piano II,21400
50,College Choir,22100
50,Hunter Symphony,23100
50,Jazz Ensemble,24900
50,Jazz and Popular Music Combos,25000
50,Jazz Vocal Workshop Ensemble,25100
50,Conducting I,34900
50,Conducting II,35000
50,Chamber Singers,35300
50,Chamber Music Workshop,35500
50,Special Studies in Performance of Music,36100
50,Special Studies in Performance of Music,36200
50,Special Studies in Performance of Music,36300
50,Topics in Piano Performance,36500
50,Topics in Vocal Performance,36900
50,Opera Performance,37000
50,Individual Instruction in Instrument or Voice,40100
50,Individual Instruction in Second Instrument or Voice,40200
50,Individual Instruction in Instrument or Voice,43100
50,Introduction to Music Technology,20100
50,Music Theory I,22000
50,Music Theory II,22100
50,Musicianship I,23000
50,Musicianship II,23100
50,Music Theory III,32000
50,Music Theory IV,32100
50,Musicianship III,33000
50,Musicianship IV,33100
50,Composition I,33300
50,Composition II,33400
50,Orchestration,33500
50,Computer Music,35100
50,Special Topics in Music Theory,36100
50,Jazz Harmony and Arranging,37000
50,Jazz Improvisation,37100
50,Private Lessons in Composition,38500
50,Honors Project,49100
50,Honors Project,49200
50,Individual Study Project,20101
50,Individual Study Project,20102
50,Individual Study Project,20103
50,Individual Study Project,30101
50,Individual Study Project,30102
50,Individual Study Project,30103
50,Individual Study Project,40101
50,Individual Study Project,40102
50,Individual Study Project,40103
50,Introduction to Nursing,20000
50,Nursing Fundamentals and Health Assessment,21000
50,Adult Health and Illness,22000
50,Foundations of Genetics for Nurses,24000
50,Pharmacology I,33100
50,Normal and Therapeutic Nutrition in the Nursing Process,33200
50,Pathopharmacology,33400
50,Pharmacology II,33900
50,Pathophysiology and Nursing Care,34300
50,Foundations of Ethics and End-of-Life Care,34900
50,Nursing Care of Women and Childbearing Families,35200
50,Nursing Care of Infants  Children  and Adolescents,36000
50,Nursing and Societal Forces in the Health Care Delivery System,37900
50,Nursing Research and Theory,38000
50,Health Assessment Throughout the Lifespan,38100
50,Nursing Culturally Diverse Families,38400
50,Nursing Leadership and Ethics,42000
50,Health Policy and Leadership,42200
50,Foundations of Ethics and Palliative Care,42300
50,Public Health Nursing,45500
50,Mental and Behavioral Health Nursing,46000
50,Adult Acute Illness/ Immersion Clinical,47000
50,Promotion of Wellness in the Community,48000
50,Advancement of Roles and Relationships in Professional Nursing,48200
50,Gerontological Nursing,49000
50,Gerontology for Nurses,49100
50,Advanced Synthesis of Nursing Knowledge,49200
50,Women's Health,34000
50,Ethical Issues in Nursing Practice,34200
50,HIV/AIDS: An Interdisciplinary Perspective for Health Care Providers,34500
50,Death and Dying,34600
50,Independent Study in Nursing,35000
50,Gender  Science and Technology,35100
50,Urban Disaster Response and the Health Care Team,39998
50,Stress Management for Nurses,44000
50,Selected Studies in Nursing Research,44100
50,Nursing Care of Acute and Critically Ill Clients,44200
50,Teaching-Learning Across the Developmental and Health Continua,44500
50,Computer Concepts and Application in Nursing,45000
50,Politics of Health,48300
50,Writing for Health Professionals: A Course for Undergraduates,49500
50,Food Science I,13100
50,Nutrition,14100
50,Cultural Aspects of Food and Nutrition,33200
50,Nutrition Education,33300
50,Institutional Management,33500
50,Nutrition and Human Development,34200
50,Food and the Consumer,36100
50,Techniques of Communication in Nutrition,40100
50,Seminar in Nutrition and Food Science,40200
50,Experimental Foods,43100
50,Nutrition and the Elderly,43400
50,Food Service Systems,43500
50,Community Nutrition,44100
50,Practicum in Nutrition and Food Science,44351
50,Practicum in Nutrition and Food Science,44352
50,Practicum in Nutrition and Food Science,44354
50,Practicum in Nutrition and Food Science,44355
50,Practicum in Nutrition and Food Science,44356
50,Independent Study in Nutrition and Food Science,48031
50,Independent Study in Nutrition and Food Science,48032
50,Honors in Nutrition and Food Science,49000
50,Introduction to Philosophy,10100
50,Introduction to Ethics,10400
50,Philosophy  Politics and Society,10600
50,Introduction to Logic and Scientific Method,17000
50,Moral Philosophy,24400
50,Political Philosophy,24600
50,International Ethics,24800
50,Problems of Ethics and Society,25000
50,Problems of Law and Morality,25200
50,Ethical Issues in Biology and Medical Care,25400
50,Environmental Philosophy,25500
50,Philosophical Ideas in Literature,25600
50,Aesthetics,25800
50,Contemporary Theories in Ethics,34400
50,Contemporary Theories of Justice,34600
50,Critical Philosophy of Race,34700
50,Philosophy of Human Rights,34800
50,Classical Greek Philosophy: Plato and Aristotle,21200
50,Medieval Philosophy,21400
50,Foundations of Modern Philosophy,21500
50,Revolutions in Modern Philosophy,21800
50,Chinese Philosophy,21900
50,Indian Philosophy,22100
50,Neoplatonism,22300
50,American Philosophy,22500
50,African-American Philosophy,22600
50,Existentialism,22800
50,Marxist and Critical Theory,31900
50,Twentieth-Century Philosophy,32000
50,Symbolic Logic,27500
50,Logic and Computers,37200
50,Advanced Symbolic Logic,37500
50,Non-classical Logic,37700
50,Major Figures in Philosophy,38000
50,Plato,38010
50,Aristotle,38011
50,Plotinus,38020
50,Hume,38063
50,Kant,38068
50,Hegel,38070
50,Marx,38076
50,Nietzsche,38078
50,Wittgenstein,38080
50,Heidegger,38083
50,Foucault,38086
50,Knowledge and Reality,20100
50,Philosophy of Religion,26200
50,Philosophical Psychology,26800
50,Philosophy  Science and Culture,27000
50,Metaphysics,36000
50,Theory of Knowledge,36200
50,Feminist and Social Epistemologies,36300
50,Philosophy of Language,36400
50,Philosophy of Mind,36600
50,Philosophy of Mathematics,37600
50,Philosophy of Biology,37800
50,Philosophy of Science,37900
50,Topics in Philosophy,20000
50,Philosophical Systems,39300
50,Philosophical Problems,39400
50,Independent Study in Philosophy,49200
50,Honors Tutorial in Philosophy,49400
50,Internship,49800
50,Basic Concepts of Physics,10000
50,Basic Concepts of Physics with Laboratory Exercises,10100
50,General Physics: Introductory Course in Mechanics  Heat  and Sound,11000
50,General Physics: Introductory Course in Mechanics  Heat  and Sound,11100
50,General Physics: Introductory Course in Electricity and Magnetism  Light  and Atomic Physics,12000
50,General Physics: Introductory Course in Electricity and Magnetism  Light  and Atomic Physics,12100
50,Tutorial in Mathematical Physics,19000
50,Electrical Circuits and Laboratory,20400
50,Electronics,22100
50,Electronics Laboratory,22200
50,Analog and Digital Electronics and Laboratory,22400
50,Classical Physics Laboratory,23000
50,Fundamentals of Laser and Fiber Optics,23100
50,Laser and Electro-Optics Technology,23200
50,Laser Electro-Optics Devices  Measurements and Applications,23300
50,Fiber Optics Devices  Measurements  and Applications,23400
50,Modern Physics Laboratory,23500
50,Theoretical Physics,30100
50,Introduction to Fluid Mechanics,31100
50,Atomic and Nuclear Physics,33000
50,Intermediate Electricity and Magnetism,33400
50,Intermediate Mechanics,33500
50,Thermodynamics and Statistical Mechanics,33600
50,Optics,34200
50,Numerical Methods I,38500
50,Senior Thesis,39900
50,Theoretical Mechanics,41100
50,Electromagnetic Theory,41500
50,Electromagnetic Theory II,41600
50,Introduction to Biophysics,42000
50,Plasma Physics,42400
50,Quantum Theory,42500
50,Intermediate Physics Laboratory,42700
50,Photonics and Laboratory,42800
50,Solid State Physics,44500
50,Introduction to Research,45300
50,Introduction to Research,45400
50,Numerical Methods II,48500
50,Physics of Biological Systems,24000
50,Computer Applications in Physical Sciences,24500
50,Astrophysics,28000
50,Atomic and Nuclear Physics for Engineers,36000
50,Electricity and Magnetism for Engineers,36400
50,Analytical Mechanics,36500
50,Topics in Modern Physics,40300
61,Introduction to Politics: Democracy  Anarchy and the State,10000
61,American Government: A Historical Introduction,11000
61,Introduction to Political Theory,11200
61,Interpreting Politics: An Introduction to Political Ideas,20000
61,Comparing Countries,25000
61,International Relations: Conceptual Foundations and Current Issues,27000
61,American Government: A Historical Introduction,11000
61,State Government and Politics,21100
61,Urban Politics,21200
61,Political Parties and Elections,21300
61,Public Opinion and Political Participation,21500
61,Contemporary Issues in American Politics,21700
61,Women and Politics,21800
61,Women and the Law,21900
61,U.S. Immigration Policy,22100
61,Interest Group Politics,22600
61,Political Parties,22700
61,Protest Movements in American Politics,22800
61,The American Presidency,23000
61,The American Congress,23500
61,The American Legal System,23800
61,The American Judiciary,24000
61,Energy and Environmental Politics and Public Policy,24400
61,American Foreign Policy,27400
61,American Political Thought,30100
61,Contemporary Issues in American Politics,31700
61,Ethnic Politics,32000
61,American Political Economy,32100
61,Politics of Public Budgeting,32300
61,American Political Development,33000
61,Constitutional Law: Organizing the Government,34000
61,Constitutional Law: Civil Rights,34100
61,Constitutional Law: The First Amendment,34200
61,Criminal Law,34300
61,Public Administration and Public Policy,34800
61,Comparing Countries,25000
61,Politics of Africa  Asia and Latin America,25100
61,Government and Politics in Latin America,25300
61,Government and Politics in Western Europe,25400
61,Government and Politics of Japan and Korea,25500
61,Government and Politics of China,25700
61,African Politics through African Films,26000
61,Globalization and Opposition Movements,26100
61,Government and Politics in Central America,26200
61,Government and Politics in the Middle East,26300
61,Government and Politics of Israel,26400
61,Government and Politics in Eastern Europe,26500
61,The Politics of Southern Africa,26700
61,Contemporary Issues in Comparative Politics,27200
61,Comparative Legal Systems,31000
61,Social and Economic Policies in Western Europe and the United States,32200
61,Government and Politics of Russia and the Post-Soviet States,35100
61,State and Society in Africa,35200
61,Social Movements  Civil Society and the State in Latin America,35300
61,India's Democratic Experiment,35600
61,Democracy & Development in a Globalizing World,36000
61,Contemporary Issues in Comparative Politics,37200
61,Russian National Interest: Past and Present,37800
61,International Relations: Conceptual Foundations and Current Issues,27000
61,International Politics in the Americas,27100
61,Contemporary Issues in International Politics,27300
61,American Foreign Policy,27400
61,Politics of the Global Economy,27500
61,Global Issues,27600
61,International Organizations,27800
61,Women  War and Peace,28000
61,Drugs  Politics and Public Policy,28100
61,International Security,28200
61,Terrorism,28300
61,Contemporary Issues in International Politics,37300
61,International Human Rights,37400
61,International Law,37500
61,International Political Economy,37600
61,Theories of International Politics,37700
61,Russian National Interest: Past and Present,37800
61,War and Strategy,37900
61,European Security,38000
61,East Asia in World Politics,38100
61,Causes of War,38200
61,Power Transitions  the U.S. and World Order,38300
61,Comparative Foreign Policy,38400
61,Introduction to Political Theory,11200
61,Interpreting Politics: An Introduction to Political Ideas,20000
61,Ancient to Early Modern Political Thought,20100
61,Modern Political Thought (1600-1900),20200
61,Political Thought Since 1900,20300
61,Contemporary Issues in Political Theory,20400
61,Research Design in Political Science,20600
61,Data Analysis in Political Science,20700
61,Women and Gender in Western Political Thought,20900
61,American Political Thought,30100
61,Critical Theory and Politics,30200
61,Democracy and Emergency,30300
61,Contemporary Issues in Political Theory,30400
61,Democratic Theory,30500
61,Theory of Revolution,30700
61,Feminist Political Theory,30900
61,Utopian Theory,31100
61,Political Theory of Human Rights,31600
61,9003 - Independent Study in Political Science,29001
61,9103 - Directed Research,29102
61,Seminar in Selected Problems of Political Science,48000
61,Senior Colloquium,48600
61,Independent Study - Honors Thesis Inception,49100
61,Independent Study Honors Thesis Completion,49200
61,9203 - Honors Independent Study in Political Science,49202
61,Conducting and Presenting Political Science Research,49300
61,Seminar/Internship in New York City Government,22200
61,Topics in Political Science,29200
61,Topics in Political Science,29400
61,9806 - Internship in Political Science,29801
68,Introduction to Psychology,10000
68,Psychological Adjustment,14000
68,Human Development,15000
68,Evolution and Behavior,16000
68,Psychology of Human Sexuality,17000
68,Stress and Coping,17100
68,Brain and Behavior,18000
68,Development of Gender Roles,19000
68,Special Topics in Psychology I,19500
68,Independent Study in Psychology,20100
68,The Profession of Psychology,20500
68,Child Development,21000
68,Exceptional Childhoods,21200
68,Children & Adolescents with Autism,21300
68,Adults with Developmental Disabilities,21400
68,Introduction to Research Methods in Psychology,21500
68,Personality,22000
68,Psychoanalytic Theories,22100
68,Abnormal Psychology,22300
68,Neuroscience,22400
68,Ethology: Animal Behavior,22500
68,Social Psychology,23000
68,The Psychology of Women,23500
68,Applications of Psychology,24000
68,Health Psychology,24200
68,Cognitive Processes,24300
68,History of Psychology,24500
68,Statistical Methods in Psychological Research,24800
68,Experimental Psychology: Social,24900
68,Experimental Psychology: General,25000
68,Special Topics in Psychology II,29500
68,Physiological Psychology,30000
68,Sensation and Perception,30100
68,Seminar in Psychological Services I,30600
68,Seminar in Psychological Services II,30700
68,Behavioral Neuroendocrinology,30900
68,Research Methods in Developmental Psychology,31000
68,Adolescence,31300
68,Adult Development,31500
68,Cognitive Neuroscience,31600
68,Neuronal Basis of Behavior  (Neuroethology),32000
68,Animal Orientation: Function and Mechanisms,32100
68,Psychology of Language,32200
68,Developmental Psychopathology,32300
68,Communication Behavior,32400
68,Animal Cognition,32500
68,Motivation and Emotion,32700
68,States of Consciousness,32800
68,Cognitive Science,32900
68,Memory and Attention,33000
68,Social Cognition of Gender,33100
68,Attitudes and Persuasion,33200
68,Advanced Social Psychology Theory and Methods,33300
68,Cultural Psychology,33400
68,Industrial and Organizational Psychology,34000
68,Stress  Trauma  and Resilience,34100
68,Emotion: Function and Dysfunction,34200
68,Clinical Psychology,34400
68,Statistics Practicum in Psychology,34800
68,Learning,35000
68,Ethnic and Cultural Identity Theories,35500
68,Psychological Tests,36100
68,Psychological Determinants of Health Disparities,36200
68,Health Behavior Change,36300
68,Sexuality and Health,36400
68,Coping with Chronic Disease,36500
68,Interpersonal Relationships and Health,36600
68,Biological and Social Bases of Addictive Behavior,36700
68,Behavioral Pharmacology,36900
68,Cognitive Development,37000
68,Microcomputers in Psychological Research,38000
68,Current Topics in Animal Behavior,38100
68,Current Topics in Biopsychology,38200
68,Current Topics in Cognitive Psychology,38300
68,Current Topics in Developmental Psychology,38400
68,Current Topics in Social Psychology,38500
68,Current Topics in Clinical Psychology,38600
68,Current Topics in Health Psychology,38700
68,Special Topics in Psychology III,39000
68,Independent Research in Psychology,39500
68,Honors in Psychology,39600
68,Honors in Psychology,39800
68,Special Topics in Psychology IV,40000
68,Introduction to Public Policy,10000
68,Capstone Seminar,40000
68,Nature of Religion,11000
68,Approaches to Religion,11100
2,Anthropology of Religion,30700
68,Special Topics: Theoretical Studies in Religion,26000
68,Religion and Psychology,27000
68,Religion and Film,31700
68,Special Topics: Theoretical Studies in Religion,36000
68,Modern Theories of Religion,39000
68,Religious Experience,20400
68,Faith and Disbelief,20500
68,Ideas of God in Contemporary Western Thought,20600
68,Religious Sources for Morality,20700
68,Religion and Social Justice,20800
68,Religion and Human Rights,20900
68,Atheism,21000
68,Special Topics: Issues in Religion,26100
68,Religious Ideas in Modern Literature,30700
68,Religion and the Arts,30800
68,The Religious Meanings of Love and Sex,30900
68,The Religious Meanings of Death,31000
68,Women and Religion,31100
68,Religion and Politics,31200
68,Spirit and Nature,31300
68,The Problem of Evil,31500
68,Men and Religion,31600
68,Religion and Science,31800
68,Religion and the Body,31900
68,Mysticism,33400
68,Myth and Ritual,33500
68,Homosexuality in World Religions,34000
68,Special Topics: Issues in Religion,36100
42,Christianity in Modern Times,31500
68,The Sacred Sky:  Astrology in World Religions,21100
68,Asian Religions,25100
68,Ancient Near Eastern Religions,25200
68,Abrahamic Religions,25300
68,Tribal Religions: From Australia to the Americas,25400
68,Religions of Two Gods,25500
68,Afro-Caribbean Religions,25600
68,Religions of Ancient Central and South America,25700
68,Religions of Ancient Europe,25800
68,Religions of Ancient Europe,25800
68,Special Topics: Religious Traditions,26200
68,Religion and Sports,31400
68,Hinduism,32000
68,Buddhism,32100
68,Islam,32200
68,Christianity,32300
68,Islam and Buddhism,32400
68,Religious Meanings of the Qur’?n,32600
68,New Testament Religion,33000
68,Christian Theology,33300
68,Zen,33600
68,Sufism,33700
68,Special Topics: Religious Traditions,36200
68,Independent Study in Religion,41000
68,Honors Seminar in Religion,45000
68,Honors Tutorial in Religion,49000
19,Elementary French I,10100
19,Elementary French II,10200
19,Beginning French Conversation and Cultural Enrichment,10250
19,Intensive Elementary French,10300
19,Intermediate French I,20100
19,Intermediate French II,20200
19,Intensive Intermediate French,20300
19,French for Francophones,20800
19,Intermediate Grammar and Composition,21100
19,Advanced French Conversation,22000
19,Early French Civilization: From Gothic to Revolution,24100
19,Modern French Civilization: From Revolution to Present,24200
19,French Literature and the Arts,25100
19,From Symbolism to Surrealism in French Literature,25200
19,Modern French Theatre: Theory and Practice,25300
19,Film and the French Novel,25400
19,New Approaches to Modern French Literature,25500
19,Dream and Image,25600
19,Literary Cross-Currents,25700
19,French Poetry in Translation,25800
19,French Theatre in Translation,25900
19,French Novel in Translation (1600-1900),26000
19,Modern French Novel in Translation (1900-Present),26100
19,Perspectives on Women in French Literature,26200
19,Introduction to French Literature,27500
19,Advanced French Grammar,31100
19,French Oral and Written Expression,31200
19,French Translation,32100
19,French Culture I,33500
19,French Culture II,33600
19,Contemporary French Culture,33700
19,Survey of French Literature from the Middle Ages to the End of the 17th Century,34100
19,Survey of French Literature from the 18th Century to the Modern Period,34200
19,Medieval and Renaissance French Literature,34300
19,17th Century French Literature,34400
19,18th Century French Literature,34600
19,19th Century French Literature (1800-1850),34800
19,19th Century French Literature (1850-1900),34900
19,20th Century French Literature (1900-1950),35000
19,Contemporary French Literature (1950-present),35100
19,Survey of Francophone Literature,35300
19,French Literature: Special Topics,36000
19,Middle Ages and the Renaissance: Special Topics,36100
19,The 17th Century: Special Topics,36200
19,The 18th Century: Special Topics,36300
19,The 19th Century: Special Topics,36400
19,The 20th Century: Special Topics,36500
19,French Cinema: Special Topics,36600
19,Seminar in French Literary History,37500
19,Second Language Acquisition,39900
19,Honors Course in French,49100
19,Independent Study in French Literature,49500
44,Elementary Italian I,10100
44,Elementary Italian II,10200
44,Elementary Italian Conversation,10251
44,Intensive Elementary Italian,10300
44,Intermediate Italian I,20100
44,Intermediate Italian II,20200
44,Intensive Intermediate Italian,20300
44,Italian for Oral Communication,22100
44,Modern Italian Short Story,26000
44,Masterpieces of Italian Literature,27500
44,Dante's Divine Comedy in English,27600
44,The Italian Renaissance: An Introduction,28000
44,Advanced Italian Grammar,31100
44,Advanced Italian Composition,31200
44,Italian Translation,32100
44,Italian Phonetics and Diction,33100
44,Italian Civilization in the Baroque  in English,33400
44,Italian Culture I,33500
44,Italian Culture II,33600
44,Italian Women Writers from the Middle Ages to the 18th Century  in English,33700
44,19th and 20th Century Italian Women Writers  in English,33800
44,Italian American Women Writers and Artists: Issues of Identity,33900
44,Introduction to Italian Literature from the Middle Ages to the 16th Century,34100
44,Introduction to Italian Literature from the 16th Century to the Present,34200
44,Dante's Vita Nuova and Inferno,34300
44,Dante's Purgatorio and Introduction to Paradiso,34400
44,Dante's Paradiso and Major Prose Works,34500
44,Petrarch  Boccaccio and the Literature of Humanism,34600
44,16th Century Italian Literature,34700
44,17th and 18th Century Literature,34800
44,The Modern Italian Lyric,34900
44,The Modern Italian Novel,35000
44,The Modern Italian Theatre,35100
44,The Italian Novel and Cinema,35200
44,The Middle Ages: Special Topics,36000
44,The Renaissance: Special Topics,36100
44,The 17th Century: Special Topics,36200
44,The 18th Century: Special Topics,36300
44,The 19th Century: Special Topics,36400
44,The 20th Century: Special Topics,36500
44,Italian Literature: Special Topics,37000
44,Seminar in Italian Literary History,37500
44,Second Language Acquisition,39900
44,Honors Course in Italian,49100
44,Independent Study in Italian Literature,49500
76,Elementary Spanish I,10100
76,Elementary Spanish II,10200
76,Elementary Spanish Conversation,10251
76,Intensive Elementary Spanish,10300
76,Basic Reading and Writing for Native Speakers of Spanish,10500
76,Oral and Written Skills for Native Speakers of Spanish,10600
76,Basic Spanish Review,20000
76,Intermediate Spanish I,20100
76,Intermediate Spanish II,20200
76,Intensive Intermediate Spanish,20300
76,Intermediate Spanish for Native Speakers,20700
76,Advanced Spanish for Native Speakers,20800
76,Spanish for Social Service Fields,21000
76,Spanish Grammar and Composition,21100
76,Spanish for Classroom Communication,21200
76,Spanish for Oral Communication,22100
76,Spanish Composition for Spanish Speaking Students,27000
76,Readings in Modern Spanish Literature,27500
76,Readings in Modern Spanish- American Literature,27600
76,The Structure of Modern Spanish,31100
76,Advanced Spanish Writing,31200
76,Spanish Stylistics,31300
76,Spanish Writing Workshop I: Poetry,31400
76,Spanish Writing Workshop II: Narrative,31500
76,Spanish Translation,32100
76,Spanish Civilization,33500
76,Latin American Civilization,33600
76,Introduction to Hispanic Literature I,34100
76,Introduction to Hispanic Literature II,34200
76,Spanish Literature of the Middle Ages,34300
76,Spanish Drama of the Golden Age,34500
76,Cervantes,34600
76,Spanish Prose of the Golden Age,34900
76,Spanish Poetry of the Golden Age,35000
76,Spanish Neoclassicism and Romanticism,35300
76,Spanish Literature from Realism to World War I,35500
76,Early 20th Century Spanish Literature,35700
76,Post-Civil War Spanish Literature,35800
76,Spanish-American Literature of the Colonial Period,36000
76,Spanish-American Romanticism  Realism and Naturalism,36200
76,Spanish-American Modernism and Post-modernism,36400
76,Survey of Spanish-American Teatro,36500
76,Contemporary Latin American Poetry,36600
76,Latin American Essay,36700
76,Contemporary Latin American Narrative,36800
76,Contemporary Literature and Film,37400
76,Time  Love and Death in Spanish Poetry from the Middle Ages to the Postmodern Age,37600
76,Introduction to Translation and Interpretation Studies,38000
76,Translation from Spanish into English,38100
76,Consecutive Interpretation Spanish-English/English-Spanish,38200
76,Translation from English into Spanish,38300
76,Simultaneous Interpretation Spanish-English,38400
76,Translation and Interpretation for the Professions,39000
76,Internship in Translation,39100
76,Internship in Interpretation,39200
76,Civilization of Spain  in English,24100
76,Contemporary Spanish-American Literature in Translation,26300
76,Contemporary Spanish Literature in Translation,26400
76,Don Quixote (in English translation),26500
76,Don Quixote in English Translation,26500
76,Spanish American Women's Literature and Cinema,26900
76,Spanish Phonetics and Diction,33100
76,Special Topics in Spanish Literature,37000
76,Special Topics in Spanish- American Literature,37100
76,Problems in Criticism,37300
76,Seminar in Spanish Literary History,37500
76,Second Language Acquisition,39900
76,Honors Course in Spanish: Special Studies in Contemporary Latin American Literature,49100
76,Honors Course in Spanish: Special Studies in Spanish Literature,49200
76,Independent Study in Hispanic Literature,49500
68,Elementary Portuguese I,10100
68,Elementary Portuguese II,10200
68,Intermediate Portuguese I,20100
68,Intermediate Portuguese II,20200
50,Elementary Polish,10100
50,Elementary Polish,10200
50,Intermediate Polish I,20100
50,Intermediate Polish II,20200
50,Topics in Polish Literature,25000
50,Independent Study in Polish Language and Literature,30000
69,Elementary Russian,10100
69,Elementary Russian,10200
69,Elementary Russian for Heritage Speakers (Intensive),10300
69,Intermediate Russian I,20100
69,Intermediate Russian II,20200
69,Intermediate Russian for Heritage Speakers (Intensive),20300
69,Translating Culture: Introduction to Theory and Practice of Translation,21500
69,Second Language Acquisition,39900
69,Internship in Russian and Slavic Studies,49800
69,Advanced Russian I,30100
69,Advanced Russian II,30200
69,Advanced Russian Conversation I,31200
69,Advanced Russian Conversation II,31300
69,Reading Russian I,31400
69,Reading Russian II,31500
69,Practical Aspects of Translation,31700
69,Advanced Translation,31800
69,Business Russian,31900
69,Russian Folklore: Slavic Myths and Traditions,24500
69,Special Topics in Slavic Literature and Cultures,24600
69,Russian Short Story and Novella,32100
69,Classical Russian Poetry,32200
69,Modern Russian Poetry,32300
69,Literature of Kievan Rus' and Early Russian Literature through the Age of Classicism,32400
69,19th Century Russian Literature,34000
69,Tolstoy and Dostoevsky,34100
69,Modern Russian Literature,34200
69,Russian Theater,34300
69,The Silver Age of Russian Literature,34400
69,Russian Women Writers,36000
69,Honors Project,49100
69,The Culture of Old Russia,15500
69,Culture of Imperial Russia: the Age of Empresses,15600
69,The Age of the Great Masters,15700
69,Contemporary Russian Culture,15800
69,19th Century Russian Literature in English Translation,25000
69,Tolstoy and Dostoevsky in English Translation,25100
69,Modern Russian Literature in English Translation,25200
69,Russian Theater in English Translation,25300
69,The Silver Age of Russian Literature in English Translation,25400
69,Russian Folklore  in Translation,25500
69,Special Topics in Slavic Literatures and Cultures in English Translation,25600
69,Masterpieces of Russian Literature in English Translation,25700
69,Masterpieces of Russian Literature in English Translation,25800
69,Masterpieces of Russian Literature in English Translation,25900
69,Russian Women Writers in English Translation,26000
69,Soviet and Post-Soviet Cinema and Society,27000
69,East European Cinema,27100
69,Folklore in Translation: A Comparative Study,29300
69,Folklore and Literature,29400
69,The Vampire in Lore and Literature,29500
69,Vladimir Nabokov Between Two Cultures,29600
69,The Russian Urban Novel in English Translation,29700
69,Independent Study in Slavic Literatures and Cultures,37000
76,Independent Study in Ukrainian Language and Literature,30000
71,Introduction to Biomedical Research,20000
71,Ethical Conduct in the Natural and Physical Sciences,30200
76,Special Topics in the Social Sciences,29700
76,Studies in the Social Sciences,39700
76,Internship,49800
76,Introduction to Sociology,10100
76,The Family,20100
76,Education,20300
76,Sociology of Religion,20500
76,Arts in Modern Society,20900
76,Urban Sociology,21100
76,Political Sociology,21300
76,Race and Ethnicity,21700
76,Social Inequality,21800
76,American Society,21900
76,Classical Sociological Theory,22100
76,Current Sociological Theory,22300
76,Seminar in Selected Problems of Sociology,22500
76,Introduction to Social Work Profession,23100
76,Community Organization and Action,23500
76,Social Welfare Policy,23700
76,Child Welfare,23900
76,Introduction to Research Methods,24000
76,Social Statistics,24100
76,Interpersonal Behavior,25100
76,Deviance and Social Control,25300
76,Sex and Gender Roles,25700
76,Mass Media  Communication and Public Opinion,25900
76,Medical Sociology,30100
76,Migration,30700
76,Social Movements and Social Change,30900
76,Population Dynamics,31100
76,Consumer Behavior,31300
76,Culture and Consumption,31400
76,Work and Society,31500
76,Class  Status  and Power,31700
76,Criminology,31900
76,Law  Society and Civil Rights,32000
76,Sociology of Organizations,32100
76,Drugs and Society,32200
76,Seminar in Selected Problems of Sociology,32500
76,Sociology of Human Rights: Violation and Protection,32502
76,Latin American Societies,32506
76,Economic Development and Social Inequality in Latin America,32519
76,Sociology of Punishment,32600
76,Children and Public Policy,33000
76,Field Placement in Social Work Agencies,33100
76,Advanced Field Placement in Social Work Agencies,33200
76,Development and Modernization,36100
76,Sociology of Islam,36200
76,Globalism and Nationalism,36400
76,Independent Study,37101
76,Independent Study,37102
76,Independent Study,37103
76,Independent Study,37200
76,Seminar in Selected Problems of Sociology,42500
76,Honors/Independent Study,47100
76,Honors/Independent Study,47200
76,Honors Seminar,47300
76,Internship,49800
76,Leisure  Recreation and Sports,20700
76,Swahili I,10100
76,Swahili II,10200
76,Swahili III,20100
76,Swahili IV,20200
76,Introduction to Theatre,10100
76,Introduction to Theatre Production,15100
76,Acting I: Basic Acting Techniques,16100
76,World Theatre I,21100
76,World Theatre II,21200
76,World Theatre III,21300
76,Multicultural Perspectives in Theatrical Performance,21400
76,Black Theatre,21500
76,Theatre Production,25100
76,Acting II: American Realism,26100
76,Acting III: World Realism,26200
76,Basic Voice and Movement for Performers,26300
76,Visual Elements of Theatre,28100
76,Theatrical Design Techniques,28200
76,Stagecraft,28300
76,Makeup for the Stage,28400
76,Design Concepts for Theatre  Film  and Television,28500
76,Play Analysis,32100
76,Theatre Theory and Criticism,32200
76,20th Century Aesthetics in Theatre and Film,32300
76,Adaptation in Theatre and Film,32400
76,Avant-Garde Theatre of the 20th Century,33100
76,Theatre of Realism and Naturalism,33200
76,Alternative Performance,33300
76,Theatre Workshop,35100
76,Acting: Non-realism,36100
76,Acting: Period Drama,36200
76,Advanced Voice and Movement for Performers,36300
76,Mime and Masks,36400
76,Screen Acting,36500
76,Directing I,37100
76,Directing II,37200
76,Playwriting I,37600
76,Playwriting II,37700
76,Scene Design I,38100
76,Scene Design II,38200
76,Costume Design I,38300
76,Stage Lighting Design,38400
76,Production Design I for Theatre  Film  and Television,38500
76,Production Design II for Theatre  Film  and Television,38600
76,Concepts of Light in Theatre  Film  and Television,38700
76,Theatres and Movie Palaces: Contemporary Culture,38800
76,Theatre Projects,39100
76,Special Topics in Theatre Performance,25301
76,Special Topics in Theatre,29700
76,Studies in Theatre,39700
76,Seminar,40100
76,Independent Research,40200
76,Internship,49800
76,Honors Project,49900
76,Creative Dramatics,24100
76,Theatre for Young Audiences,24200
76,Theatre for Young Audiences: Laboratory,24300
76,Drama and Disability,24400
76,Creative Drama Leadership Techniques: Special Groups,34100
76,Creative Drama in the Community,34200
76,Scriptwriting for Young Audiences: Theatre  Film  and Television,37800
42,Sophomore Honors Colloquium,20100
42,Upper-Level Honors Colloquium,30100
42,Interdisciplinary Independent Study,30199
42,Advanced Interdisciplinary Studies,49100
77,Urban Life: Personal and Observational View,10100
77,Structure of Urban Region,10200
77,Urban Plans and Policies,20100
77,Introduction to Arts Management,20300
77,Methods of Urban Research and Policy Analysis,31000
77,Quantitative Approaches to Urban Analysis,31100
77,Managing Urban Physical Environment,40100
77,Urban Studies Studio,40200
77,Selected Topics in Urban Affairs,40300
77,Seminar on the City,40354
77,Urban Studies Internship,40900
77,Public Service Scholar In-Service Seminar,49806
78,Introduction to Gender and Sexuality Studies,10000
78,Classics in Feminist Thought,20100
78,Women Philosophers of the Past,21600
78,Transnational Feminisms,24400
78,Feminist Social Theory,36000
78,Women and Gender in Western Political Thought,20900
78,Feminism: Philosophical Theory and Practice,23000
78,Feminist Political Theory,30900
78,Body Politics:Sexuality and Reproduction,400.53
78,Special Topics in Feminist Thought and Theory,29000
78,Topics in Genre Studies: The Woman's Film of the 1940s,22252
78,Women and Music,25000
78,Russian Women Writers in English Translation,26000
78,Spanish American Women's Literature and Cinema,26900
78,Special Topics in Gender  Literature and the Arts,29000
78,Advanced Topics in Literature by Women,31900
78,Caribbean Women Writers,33700
78,Russian Women Writers,36100
78,Women and Media,38400
78,Public Speaking in Gender Studies,12100
78,Women and the Law,21900
78,Special Topics in Gender and Public Policy,29000
78,Gender in Anthropological Perspective,30100
78,Introduction to LGBTQI Studies,15000
78,Psychology of Human Sexuality,17000
78,Development of Gender Roles,19000
78,Sex and Gender Roles,25700
78,Masculinities,28700
78,Bathroom Politics,29300
78,Queer Theory,38700
78,Globalization and Gender,20017
78,Special Topics in Labor  Migration  and Globalization,29000
78,Gender and Migration,30600
78,Work and Society,31500
78,Women and Globalization,32100
78,Women and Men in the Labor Market,34500
78,Our Bodies  Our Politics,26600
78,Dominican and Haitian Literature and Culture,20005
78,Women in the 3rd World,21100
78,Women in the Islamic World,22100
78,Topics in Literature by Women,25800
78,African-American Women Writers,33600
78,Culture of Imperial Russia: The Age of Empresses,15600
78,Women and Slaves in Classical Antiquity,30500
78,Women in Africa,31800
78,Women in the African Diaspora,32900
78,Sociology of the Family,22300
78,The Psychology of Women,23500
78,Child Welfare,23900
78,Women and Health,25100
78,Women and Politics,26100
78,Women  War and Peace,26200
78,Community Leadership Seminar,39800
78,Leadership Field Work Internship,49000
78,Women and the Law,21900
78,Gender  Science  and Technology,35100
78,Special Topics in Women and Gender Across Cultures,29000
78,Special Topics in Women and Gender Studies,200XX
78,Special Topics in Women and Gender Studies,300XX
78,Special Topics in Women and Gender Studies,400XX
78,Special Topics in Sexualities,29000
78,Internship,29800
78,Independent Research,39300
78,Research Seminar: Feminist Theory and Methodology,31000
78,Internship Seminar: Feminist Activism and Advocacy,32000
79,Yoruba I,10100
79,Yoruba II,10200
79,Yoruba III,20100
79,Yoruba IV,20200
76,Introduction to Social Work,20100
76,Social Work Practice and Learning LAB I,31000
76,Social Work Practice and Learning LAB II,31100
76,Introduction to Social Welfare Policy & Services,32000
76,Human Behavior in the Social Environment I,33000
76,Human Behavior in the Social Environment II,33100
76,Social Work Policy in Child Welfare,34000
76,Social Work Policy II in Care Coordination,35000
76,Introduction to Community Organizing,36000
76,Community Organizing Internship and Field Seminar,37000
76,Social Work Practice in Child Welfare I,41000
76,Social Work Practice in Child Welfare II,41100
76,Social Work Practice in Care Coordination I,42000
76,Social Work Practice in Care Coordination II,42100
76,Integrative Seminar I,43000
76,Integrative Seminar II,43100
76,Social Work Research,44000
76,Social Work Field Instruction I,45000
76,Social Work Field Instruction II,45100
76,Advanced Community Organizing Theory & Practice,46000
19,Field Geology of New York City and Vicinity,21100
71,Brains  Minds  and Machines,11100
